message_id,text,gold_order_ids,gold_emails,gold_phones,gold_amounts,gold_pincodes,intent
M001,"Delivery for GT-2026-7890797 was attempted when I was not home. Can you deliver on Saturday to PIN 110017? Email: harpreet_khan@company.co.in Ph: 9994328284 Regards, Harpreet Khan",GT-2026-7890797,harpreet_khan@company.co.in,9994328284,,110017,delivery
M002,"The split AC (AC-1.5T-5S) from order GT-2026-0967829 was delivered yesterday. When will the technician come for installation? Reply to harpreetpai70@rediffmail.com please. Call me on +91 8058134197. The invoice says serial no. SN3079596228. Regards, Harpreet Pai",GT-2026-0967829,harpreetpai70@rediffmail.com,8058134197,,,installation
M003,"I don't want a replacement water purifier. Just give my money back for GT-2026-1754598. I paid Rs.2512/-. Email: joseph.kulkarni@outlook.com Call me on +91 7981814518. Regards, Joseph Kulkarni",GT-2026-1754598,joseph.kulkarni@outlook.com,7981814518,2512.00,,refund
M004,"I returned the mixer grinder (order GT-2026-8018963) two weeks ago but the refund of ₹47,991.99 has still not reached my account. Reply to aditibhat88@gmail.com please. Regards, Aditi Bhat",GT-2026-8018963,aditibhat88@gmail.com,,47991.99,,refund
M005,"I returned the split AC (order GT-2026-6703194) two weeks ago but the refund of Rs. 2,679 has still not reached my account. Ph: +91-92849-39392 My old ticket number was 4587120936, which nobody resolved. Regards, Kavya Reddy",GT-2026-6703194,,9284939392,2679.00,,refund
M006,"Order GT-2026-1937854 still hasn't arrived. It has been 10 days and the tracking page is not updating. Email: diya_sharma@company.co.in Bought on 15-08-2026 during the Independence Day sale. Regards, Diya Sharma",GT-2026-1937854,diya_sharma@company.co.in,,,,delivery
M007,"Please change the delivery address for GT-2026-3488846 to Udupi - 576101. Rated 4.5/5 before this issue. You can mail me at dreddy87@tapmi.edu.in. My number is +91-97803-05618. Regards, Diya Reddy",GT-2026-3488846,dreddy87@tapmi.edu.in,9780305618,,576101,delivery
M008,"Do you have an exchange offer on the mixer grinder? I have an old one to give. My last order was GT-2026-0291865. Call me on 673 362 4358. Regards, Kabir Khan",GT-2026-0291865,,6733624358,,,other
M009,"Can I get a GST invoice for GT-2026-8107313? Company name: Reddy Traders. The invoice says serial no. SN3986021119. Regards, Arjun Reddy",GT-2026-8107313,,,,,other
M010,"Do you have an exchange offer on the dishwasher? I have an old one to give. My last order was GT-2026-2985854. Call me on +916991884481. You can mail me at kabirkhan23@hotmail.com. Bought on 15-08-2026 during the Independence Day sale. Regards, Kabir Khan",GT-2026-2985854,kabirkhan23@hotmail.com,6991884481,,,other
M011,"I returned the chimney (order GT-2026-1161960) two weeks ago but the refund of ₹8,513 has still not reached my account. Rated 4.5/5 before this issue. My number is 06845814676. Regards, Aditi Kulkarni",GT-2026-1161960,,6845814676,8513.00,,refund
M012,"Need installation for my new double-door refrigerator, order no. GT-2026-6762762. Model RF-DD340. Available after 5 pm on weekdays. You can mail me at aditipatel27@yahoo.co.in. Address: 25, Station Road, Kochi 682020. WhatsApp 06092693062 for faster response. Regards, Aditi Patel",GT-2026-6762762,aditipatel27@yahoo.co.in,6092693062,,682020,installation
M013,"Can I get a GST invoice for GT-2026-1695170? Company name: Menon Traders. The invoice says serial no. SN2305149126. My number is 7374222356. You can mail me at siddharthmenon88@yahoo.co.in. Regards, Siddharth Menon",GT-2026-1695170,siddharthmenon88@yahoo.co.in,7374222356,,,other
M014,"Delivery for GT-2026-1082971 was attempted when I was not home. Can you deliver on Saturday to PIN 682020? Email: kavya.hegde@yahoo.co.in Regards, Kavya Hegde",GT-2026-1082971,kavya.hegde@yahoo.co.in,,,682020,delivery
M015,"Order GT-2026-2385357: air fryer arrived with a cracked door. Please refund Rs 1000.50 instead of a replacement. Rated 4.5/5 before this issue. My number is +91-82940-87207. Reply to sneha_rao@gmail.com please. Regards, Sneha Rao",GT-2026-2385357,sneha_rao@gmail.com,8294087207,1000.50,,refund
M016,"Need installation for my new water purifier, order no. GT-2026-6420550. Model RO-UV9. Available after 5 pm on weekdays. Email: nehapatel8@outlook.com Rated 4.5/5 before this issue. Regards, Neha Patel",GT-2026-6420550,nehapatel8@outlook.com,,,,installation
M017,"Order GT-2026-0731293: mixer grinder arrived with a cracked door. Please refund INR 29,605 instead of a replacement. You can mail me at ananyapatel31@outlook.com. Call me on +91 9310857483. Regards, Ananya Patel",GT-2026-0731293,ananyapatel31@outlook.com,9310857483,29605.00,,refund
M018,"Loved the mixer grinder! Just wanted to say thanks. Order GT-2026-6637585. Reply to ananya.reddy@rediffmail.com please. Regards, Ananya Reddy",GT-2026-6637585,ananya.reddy@rediffmail.com,,,,other
M019,"Delivery for GT-2026-2241398 was attempted when I was not home. Can you deliver on Saturday to PIN 411014? Regards, Ananya Singh",GT-2026-2241398,,,,411014,delivery
M020,"Delivery was quick and installation was smooth. Great service for GT-2026-5101321, thank you! Call me on 8788471412. Rated 4.5/5 before this issue. Regards, Rohan Nair",GT-2026-5101321,,8788471412,,,other
M021,"Order GT-2026-6762726: mixer grinder arrived with a cracked door. Please refund ₹1029 instead of a replacement. Email: ishaanshetty41@outlook.com WhatsApp +91 8408313458 for faster response. Regards, Ishaan Shetty",GT-2026-6762726,ishaanshetty41@outlook.com,8408313458,1029.00,,refund
M022,"Please change the delivery address for GT-2026-1538592 to Bengaluru - 560034. Reply to rdas94@hotmail.com please. Call me on 627 766 1218. My old ticket number was 4587120936, which nobody resolved. Regards, Rohan Das",GT-2026-1538592,rdas94@hotmail.com,6277661218,,560034,delivery
M023,"Requesting refund for GT-2026-5104749. I was charged INR 32,523.50 twice for the same dishwasher. Regards, Kabir Khan",GT-2026-5104749,,,32523.50,,refund
M024,"Please change the delivery address for GT-2026-0186540 to Bengaluru - 560034. Regards, Rohan Das",GT-2026-0186540,,,,560034,delivery
M025,"My chimney stopped working after 8 months. It is under 2 year warranty. Order GT-2026-4416184, model CH-60A. Reply to lakshmi_nair@outlook.com please. My number is +91-90245-25624. Regards, Lakshmi Nair",GT-2026-4416184,lakshmi_nair@outlook.com,9024525624,,,warranty
M026,"I returned the mixer grinder (order GT-2026-4480202) two weeks ago but the refund of Rs.1990/- has still not reached my account. The invoice says serial no. SN2894847264. Call me on 986 639 3260. Reply to meera_das@hotmail.com please. Regards, Meera Das",GT-2026-4480202,meera_das@hotmail.com,9866393260,1990.00,,refund
M027,"Need installation for my new microwave oven, order no. GT-2026-5294276. Model MW-25C. Available after 5 pm on weekdays. You can mail me at nikhil.nair@rediffmail.com. Regards, Nikhil Nair",GT-2026-5294276,nikhil.nair@rediffmail.com,,,,installation
M028,"Please change the delivery address for GT-2026-5670179 to Delhi - 110017. WhatsApp 822 388 6739 for faster response. You can mail me at tenzinfernandes97@hotmail.com. Regards, Tenzin Fernandes",GT-2026-5670179,tenzinfernandes97@hotmail.com,8223886739,,110017,delivery
M029,"Is the compressor on the front-load washing machine covered for 10 years? Order reference GT-2026-3036386. WhatsApp +916351741577 for faster response. Email: adas4@yahoo.co.in Regards, Ananya Das",GT-2026-3036386,adas4@yahoo.co.in,6351741577,,,warranty
M030,"My order GT-2026-8305985 (dishwasher) shows 'out for delivery' since 3 days. Where is it? WhatsApp 09595583615 for faster response. You can mail me at gsharma75@gmail.com. Regards, Gautam Sharma",GT-2026-8305985,gsharma75@gmail.com,9595583615,,,delivery
M031,"Order GT-2026-6339995: mixer grinder arrived with a cracked door. Please refund Rs 2033.50 instead of a replacement. Email: gautam_joshi@yahoo.co.in My number is +91-75483-38965. Regards, Gautam Joshi",GT-2026-6339995,gautam_joshi@yahoo.co.in,7548338965,2033.50,,refund
M032,"Is the compressor on the microwave oven covered for 10 years? Order reference GT-2026-1228488. Address: 250, 5th Cross, Udupi 576101. My number is 09613102101. Regards, Aditi Reddy",GT-2026-1228488,,9613102101,,576101,warranty
M033,"My air fryer stopped working after 8 months. It is under 2 year warranty. Order GT-2026-5111461, model AF-4L. Address: 130, 5th Cross, Hyderabad 500081. Rated 4.5/5 before this issue. Ph: +91-68629-11938 Regards, Farhan Menon",GT-2026-5111461,,6862911938,,500081,warranty
M034,"The split AC (AC-1.5T-5S) from order GT-2026-7519466 was delivered yesterday. When will the technician come for installation? Address: 303, Station Road, Mangaluru 575001. Email: freddy97@outlook.com Earlier I raised complaint GT-2025-11 but it was closed. Regards, Farhan Reddy",GT-2026-7519466,freddy97@outlook.com,,,575001,installation
M035,"Please change the delivery address for GT-2026-1545682 to Udupi - 576101. Email: ashetty20@company.co.in My number is 60649 98593. Regards, Ananya Shetty",GT-2026-1545682,ashetty20@company.co.in,6064998593,,576101,delivery
M036,"The double-door refrigerator (RF-DD340) from order GT-2026-0870965 was delivered yesterday. When will the technician come for installation? The invoice says serial no. SN5256670972. Ph: 06647732834 Reply to ananyarao42@yahoo.co.in please. Regards, Ananya Rao",GT-2026-0870965,ananyarao42@yahoo.co.in,6647732834,,,installation
M037,"Is the compressor on the air fryer covered for 10 years? Order reference GT-2026-3973408. You can mail me at ananya_iyer@yahoo.co.in. Call me on +919609666753. Regards, Ananya Iyer",GT-2026-3973408,ananya_iyer@yahoo.co.in,9609666753,,,warranty
M038,"Do you have an exchange offer on the water purifier? I have an old one to give. My last order was GT-2026-7793948. You can mail me at vreddy30@hotmail.com. Ph: +91-90968-27331 Bought on 15-08-2026 during the Independence Day sale. Regards, Vikram Reddy",GT-2026-7793948,vreddy30@hotmail.com,9096827331,,,other
M039,"Delivery for GT-2026-4879650 was attempted when I was not home. Can you deliver on Saturday to PIN 576101? You can mail me at ajoshi12@hotmail.com. Call me on +91 8136022196. Rated 4.5/5 before this issue. Regards, Aditi Joshi",GT-2026-4879650,ajoshi12@hotmail.com,8136022196,,576101,delivery
M040,"Order GT-2026-8483359 still hasn't arrived. It has been 10 days and the tracking page is not updating. Reply to rahul_gupta@rediffmail.com please. Regards, Rahul Gupta",GT-2026-8483359,rahul_gupta@rediffmail.com,,,,delivery
M041,"Requesting refund for GT-2026-8166537. I was charged Rs 2991 twice for the same chimney. WhatsApp 09470612700 for faster response. Regards, Rohan Hegde",GT-2026-8166537,,9470612700,2991.00,,refund
M042,"Delivery was quick and installation was smooth. Great service for GT-2026-1296950, thank you! Reply to nehasharma37@tapmi.edu.in please. WhatsApp 679 411 2678 for faster response. Regards, Neha Sharma",GT-2026-1296950,nehasharma37@tapmi.edu.in,6794112678,,,other
M043,"Delivery for GT-2026-5239581 was attempted when I was not home. Can you deliver on Saturday to PIN 576101? You can mail me at nehaiyer15@hotmail.com. Ph: +91-60780-42960 Regards, Neha Iyer",GT-2026-5239581,nehaiyer15@hotmail.com,6078042960,,576101,delivery
M044,"The split AC (AC-1.5T-5S) from order GT-2026-1702696 was delivered yesterday. When will the technician come for installation? Reply to ananya.das@rediffmail.com please. Call me on +917031033694. The invoice says serial no. SN2040858935. Address: 103, 5th Cross, Hyderabad 500081. Regards, Ananya Das",GT-2026-1702696,ananya.das@rediffmail.com,7031033694,,500081,installation
M045,"Order GT-2026-8224879: water purifier arrived with a cracked door. Please refund INR 6,678.99 instead of a replacement. Reply to aarav.patel@yahoo.co.in please. Address: 62, 5th Cross, Kochi 682020. Ph: 811 850 0205 Regards, Aarav Patel",GT-2026-8224879,aarav.patel@yahoo.co.in,8118500205,6678.99,682020,refund
M046,"My geyser stopped working after 8 months. It is under 2 year warranty. Order GT-2026-8001323, model GY-15L. WhatsApp +91 9848416409 for faster response. Reply to adas48@yahoo.co.in please. Regards, Ananya Das",GT-2026-8001323,adas48@yahoo.co.in,9848416409,,,warranty
M047,"Can I get a GST invoice for GT-2026-4271327? Company name: Iyer Traders. My number is 65225 08194. My old ticket number was 4587120936, which nobody resolved. Regards, Kabir Iyer",GT-2026-4271327,,6522508194,,,other
M048,"Need installation for my new split AC, order no. GT-2026-3198184. Model AC-1.5T-5S. Available after 5 pm on weekdays. Address: 390, Temple Street, Pune 411014. Call me on +91 8539167698. Regards, Nikhil Gupta",GT-2026-3198184,,8539167698,,411014,installation
M049,"Installation demo for GT-2026-0189111 was booked for today but nobody came. Please reschedule. Model number CH-60A. Address: 363, Station Road, Mangaluru 575001. WhatsApp +91-99748-53021 for faster response. Email: anair95@yahoo.co.in Regards, Ananya Nair",GT-2026-0189111,anair95@yahoo.co.in,9974853021,,575001,installation
M050,"Can I get a GST invoice for GT-2026-0490982? Company name: Singh Traders. Address: 397, Station Road, Mangaluru 575001. Email: pooja_singh@company.co.in Regards, Pooja Singh",GT-2026-0490982,pooja_singh@company.co.in,,,575001,other
M051,"Need installation for my new air fryer, order no. GT-2026-5592106. Model AF-4L. Available after 5 pm on weekdays. You can mail me at rfernandes70@rediffmail.com. Regards, Rahul Fernandes",GT-2026-5592106,rfernandes70@rediffmail.com,,,,installation
M052,"Requesting refund for GT-2026-9361989. I was charged INR 1,561 twice for the same water purifier. Call me on +919103743876. Address: 201, MG Road, Chennai 600042. Email: fsingh7@gmail.com My old ticket number was 4587120936, which nobody resolved. Regards, Farhan Singh",GT-2026-9361989,fsingh7@gmail.com,9103743876,1561.00,600042,refund
M053,"The double-door refrigerator (RF-DD340) from order GT-2026-0686401 was delivered yesterday. When will the technician come for installation? Address: 102, 5th Cross, Mumbai 400076. Regards, Tenzin Pai",GT-2026-0686401,,,,400076,installation
M054,"I returned the double-door refrigerator (order GT-2026-0220920) two weeks ago but the refund of Rs 3125 has still not reached my account. WhatsApp 09396000879 for faster response. Email: frao23@company.co.in Regards, Fatima Rao",GT-2026-0220920,frao23@company.co.in,9396000879,3125.00,,refund
M055,"I don't want a replacement chimney. Just give my money back for GT-2026-4958740. I paid Rs 88643.99. Address: 109, Temple Street, Manipal 576104. Email: harpreethegde89@rediffmail.com My number is +91-88630-58626. Regards, Harpreet Hegde",GT-2026-4958740,harpreethegde89@rediffmail.com,8863058626,88643.99,576104,refund
M056,"Please change the delivery address for GT-2026-6869852 to Mangaluru - 575001. Regards, Meera Patel",GT-2026-6869852,,,,575001,delivery
M057,"My geyser stopped working after 8 months. It is under 2 year warranty. Order GT-2026-0734028, model GY-15L. You can mail me at pkhan31@rediffmail.com. Call me on 605 277 6972. Regards, Priya Khan",GT-2026-0734028,pkhan31@rediffmail.com,6052776972,,,warranty
M058,"I don't want a replacement chimney. Just give my money back for GT-2026-3657990. I paid ₹ 3,952. WhatsApp 949 876 6393 for faster response. Email: farhanmenon47@tapmi.edu.in Regards, Farhan Menon",GT-2026-3657990,farhanmenon47@tapmi.edu.in,9498766393,3952.00,,refund
M059,"Requesting refund for GT-2026-5892992. I was charged ₹ 2,107 twice for the same mixer grinder. Email: ishaansharma25@hotmail.com Regards, Ishaan Sharma",GT-2026-5892992,ishaansharma25@hotmail.com,,2107.00,,refund
M060,"I don't want a replacement dishwasher. Just give my money back for GT-2026-7996598. I paid ₹ 1,175. Address: 160, Temple Street, Manipal 576104. WhatsApp +918255109798 for faster response. My old ticket number was 4587120936, which nobody resolved. You can mail me at joseph_kulkarni@rediffmail.com. Regards, Joseph Kulkarni",GT-2026-7996598,joseph_kulkarni@rediffmail.com,8255109798,1175.00,576104,refund
M061,"I don't want a replacement split AC. Just give my money back for GT-2026-7982356. I paid ₹2,272.99. My number is +918491315601. Reply to neha.pai@hotmail.com please. Regards, Neha Pai",GT-2026-7982356,neha.pai@hotmail.com,8491315601,2272.99,,refund
M062,"The front-load washing machine (WM-FL7) from order GT-2026-8204992 was delivered yesterday. When will the technician come for installation? Call me on 9348864173. Email: rohan.pai@tapmi.edu.in Earlier I raised complaint GT-2025-11 but it was closed. Regards, Rohan Pai",GT-2026-8204992,rohan.pai@tapmi.edu.in,9348864173,,,installation
M063,"The front-load washing machine (WM-FL7) from order GT-2026-8482714 was delivered yesterday. When will the technician come for installation? You can mail me at khegde14@rediffmail.com. Regards, Kavya Hegde",GT-2026-8482714,khegde14@rediffmail.com,,,,installation
M064,"Installation demo for GT-2026-1249867 was booked for today but nobody came. Please reschedule. Model number RO-UV9. Reply to sneha_iyer@hotmail.com please. Call me on 68921 84386. Regards, Sneha Iyer",GT-2026-1249867,sneha_iyer@hotmail.com,6892184386,,,installation
M065,"Order GT-2026-0547156 still hasn't arrived. It has been 10 days and the tracking page is not updating. Regards, Lakshmi Singh",GT-2026-0547156,,,,,delivery
M066,"The dishwasher (DW-12P) from order GT-2026-4014639 was delivered yesterday. When will the technician come for installation? My number is +916089766255. Reply to fnair41@yahoo.co.in please. Regards, Fatima Nair",GT-2026-4014639,fnair41@yahoo.co.in,6089766255,,,installation
M067,"Is the compressor on the front-load washing machine covered for 10 years? Order reference GT-2026-0028624. Email: tenzin.gupta@gmail.com Regards, Tenzin Gupta",GT-2026-0028624,tenzin.gupta@gmail.com,,,,warranty
M068,"The double-door refrigerator (RF-DD340) from order GT-2026-5203163 was delivered yesterday. When will the technician come for installation? Rated 4.5/5 before this issue. Email: gsharma35@yahoo.co.in Call me on +91 9885622845. Regards, Gautam Sharma",GT-2026-5203163,gsharma35@yahoo.co.in,9885622845,,,installation
M069,"Installation demo for GT-2026-0407491 was booked for today but nobody came. Please reschedule. Model number RO-UV9. Regards, Harpreet Singh",GT-2026-0407491,,,,,installation
M070,"The geyser (GY-15L) from order GT-2026-1911845 was delivered yesterday. When will the technician come for installation? Ph: 66362 99644 Reply to kavyapai56@tapmi.edu.in please. Address: 375, Station Road, Chennai 600042. Regards, Kavya Pai",GT-2026-1911845,kavyapai56@tapmi.edu.in,6636299644,,600042,installation
M071,"Delivery was quick and installation was smooth. Great service for GT-2026-2624966, thank you! Reply to snehashetty46@gmail.com please. Regards, Sneha Shetty",GT-2026-2624966,snehashetty46@gmail.com,,,,other
M072,"My order GT-2026-1035258 (water purifier) shows 'out for delivery' since 3 days. Where is it? You can mail me at ananya.fernandes@tapmi.edu.in. Call me on 07942414914. Regards, Ananya Fernandes",GT-2026-1035258,ananya.fernandes@tapmi.edu.in,7942414914,,,delivery
M073,"My geyser stopped working after 8 months. It is under 2 year warranty. Order GT-2026-3423891, model GY-15L. Email: meerareddy87@rediffmail.com Bought on 15-08-2026 during the Independence Day sale. Regards, Meera Reddy",GT-2026-3423891,meerareddy87@rediffmail.com,,,,warranty
M074,"Is the compressor on the dishwasher covered for 10 years? Order reference GT-2026-0492865. Reply to sneha.patel@rediffmail.com please. Regards, Sneha Patel",GT-2026-0492865,sneha.patel@rediffmail.com,,,,warranty
M075,"Order GT-2026-7437185: geyser arrived with a cracked door. Please refund Rs.70773/- instead of a replacement. My number is 876 756 6854. Regards, Lakshmi Menon",GT-2026-7437185,,8767566854,70773.00,,refund
M076,"Need installation for my new double-door refrigerator, order no. GT-2026-6512283. Model RF-DD340. Available after 5 pm on weekdays. Ph: +91-80782-71297 Reply to neha_sharma@gmail.com please. Regards, Neha Sharma",GT-2026-6512283,neha_sharma@gmail.com,8078271297,,,installation
M077,"Installation demo for GT-2026-2819607 was booked for today but nobody came. Please reschedule. Model number MW-25C. Ph: 748 864 1487 The invoice says serial no. SN4865439145. Email: snehakulkarni50@gmail.com Regards, Sneha Kulkarni",GT-2026-2819607,snehakulkarni50@gmail.com,7488641487,,,installation
M078,"Order GT-2026-0897340: mixer grinder arrived with a cracked door. Please refund Rs 628.50 instead of a replacement. Call me on +91-94657-07687. Regards, Gautam Hegde",GT-2026-0897340,,9465707687,628.50,,refund
M079,"I returned the dishwasher (order GT-2026-6467836) two weeks ago but the refund of Rs 2623 has still not reached my account. Call me on 959 029 0579. Regards, Joseph Menon",GT-2026-6467836,,9590290579,2623.00,,refund
M080,"Need installation for my new air fryer, order no. GT-2026-0999059. Model AF-4L. Available after 5 pm on weekdays. Email: nikhilrao3@yahoo.co.in My number is +917027216089. Regards, Nikhil Rao",GT-2026-0999059,nikhilrao3@yahoo.co.in,7027216089,,,installation
M081,"I returned the geyser (order GT-2026-1258396) two weeks ago but the refund of Rs 1424 has still not reached my account. Earlier I raised complaint GT-2025-11 but it was closed. Call me on 81944 48374. Regards, Kabir Kulkarni",GT-2026-1258396,,8194448374,1424.00,,refund
M082,"Installation demo for GT-2026-6091781 was booked for today but nobody came. Please reschedule. Model number CH-60A. Ph: 75213 22818 Reply to snehakulkarni89@company.co.in please. Regards, Sneha Kulkarni",GT-2026-6091781,snehakulkarni89@company.co.in,7521322818,,,installation
M083,"Loved the chimney! Just wanted to say thanks. Order GT-2026-3837660. Ph: +916783806331 You can mail me at vdas82@rediffmail.com. Address: 190, Station Road, Delhi 110017. Regards, Vikram Das",GT-2026-3837660,vdas82@rediffmail.com,6783806331,,110017,other
M084,"Can I get a GST invoice for GT-2026-0873909? Company name: Hegde Traders. Address: 226, 5th Cross, Kochi 682020. My old ticket number was 4587120936, which nobody resolved. Email: aarav_hegde@tapmi.edu.in Ph: +91-71860-67771 Regards, Aarav Hegde",GT-2026-0873909,aarav_hegde@tapmi.edu.in,7186067771,,682020,other
M085,"Installation demo for GT-2026-7283471 was booked for today but nobody came. Please reschedule. Model number RF-DD340. Call me on 08732250696. Reply to vfernandes45@company.co.in please. My old ticket number was 4587120936, which nobody resolved. Regards, Vikram Fernandes",GT-2026-7283471,vfernandes45@company.co.in,8732250696,,,installation
M086,"The split AC (AC-1.5T-5S) from order GT-2026-1099286 was delivered yesterday. When will the technician come for installation? Earlier I raised complaint GT-2025-11 but it was closed. Email: iiyer90@outlook.com Regards, Ishaan Iyer",GT-2026-1099286,iiyer90@outlook.com,,,,installation
M087,"Installation demo for GT-2026-2402262 was booked for today but nobody came. Please reschedule. Model number RO-UV9. Earlier I raised complaint GT-2025-11 but it was closed. Email: rahul.kulkarni@gmail.com Regards, Rahul Kulkarni",GT-2026-2402262,rahul.kulkarni@gmail.com,,,,installation
M088,"Do you have an exchange offer on the geyser? I have an old one to give. My last order was GT-2026-3690652. Regards, Ananya Rao",GT-2026-3690652,,,,,other
M089,"Is the compressor on the double-door refrigerator covered for 10 years? Order reference GT-2026-5687484. Email: sneha.shetty@gmail.com Call me on 06599672119. Address: 156, MG Road, Kochi 682020. Regards, Sneha Shetty",GT-2026-5687484,sneha.shetty@gmail.com,6599672119,,682020,warranty
M090,"Need installation for my new microwave oven, order no. GT-2026-8327922. Model MW-25C. Available after 5 pm on weekdays. Regards, Neha Fernandes",GT-2026-8327922,,,,,installation
M091,"Do you have an exchange offer on the front-load washing machine? I have an old one to give. My last order was GT-2026-9426436. Address: 368, 5th Cross, Mangaluru 575001. Regards, Gautam Shetty",GT-2026-9426436,,,,575001,other
M092,"Loved the front-load washing machine! Just wanted to say thanks. Order GT-2026-5715948. Address: 55, 5th Cross, Chennai 600042. Call me on 6037268040. Reply to kabir.joshi@hotmail.com please. Regards, Kabir Joshi",GT-2026-5715948,kabir.joshi@hotmail.com,6037268040,,600042,other
M093,"The double-door refrigerator (RF-DD340) from order GT-2026-5016092 was delivered yesterday. When will the technician come for installation? Address: 123, Temple Street, Hyderabad 500081. Email: jjoshi53@hotmail.com Regards, Joseph Joshi",GT-2026-5016092,jjoshi53@hotmail.com,,,500081,installation
M094,"Need installation for my new double-door refrigerator, order no. GT-2026-9255882. Model RF-DD340. Available after 5 pm on weekdays. Reply to fatima_shetty@tapmi.edu.in please. Earlier I raised complaint GT-2025-11 but it was closed. Call me on 07432811739. Regards, Fatima Shetty",GT-2026-9255882,fatima_shetty@tapmi.edu.in,7432811739,,,installation
M095,"Warranty claim: water purifier (RO-UV9) makes a loud noise. Bought on 12/03/2026, order GT-2026-0097104. Reply to pooja.menon@rediffmail.com please. Call me on 9227900288. Regards, Pooja Menon",GT-2026-0097104,pooja.menon@rediffmail.com,9227900288,,,warranty
M096,"Order GT-2026-0877245 still hasn't arrived. It has been 10 days and the tracking page is not updating. Call me on 963 413 9784. Email: ahegde18@rediffmail.com Regards, Ananya Hegde",GT-2026-0877245,ahegde18@rediffmail.com,9634139784,,,delivery
M097,"Delivery was quick and installation was smooth. Great service for GT-2026-7108295, thank you! Bought on 15-08-2026 during the Independence Day sale. WhatsApp 8912827010 for faster response. Regards, Sneha Reddy",GT-2026-7108295,,8912827010,,,other
M098,"The front-load washing machine (WM-FL7) from order GT-2026-8255395 was delivered yesterday. When will the technician come for installation? Reply to arjunjoshi1@tapmi.edu.in please. Regards, Arjun Joshi",GT-2026-8255395,arjunjoshi1@tapmi.edu.in,,,,installation
M099,"Order GT-2026-1075665: air fryer arrived with a cracked door. Please refund Rs. 33,327 instead of a replacement. Address: 49, 5th Cross, Hyderabad 500081. WhatsApp 726 068 4030 for faster response. Reply to siddharthrao9@yahoo.co.in please. Regards, Siddharth Rao",GT-2026-1075665,siddharthrao9@yahoo.co.in,7260684030,33327.00,500081,refund
M100,"Please change the delivery address for GT-2026-4416743 to Kochi - 682020. Rated 4.5/5 before this issue. You can mail me at sneha.menon@hotmail.com. Call me on +91 8839117364. Regards, Sneha Menon",GT-2026-4416743,sneha.menon@hotmail.com,8839117364,,682020,delivery
M101,"I don't want a replacement air fryer. Just give my money back for GT-2026-6185006. I paid INR 1,772. You can mail me at ghegde85@company.co.in. WhatsApp +919500777159 for faster response. Regards, Gautam Hegde",GT-2026-6185006,ghegde85@company.co.in,9500777159,1772.00,,refund
M102,"My front-load washing machine stopped working after 8 months. It is under 2 year warranty. Order GT-2026-8744798, model WM-FL7. Regards, Harpreet Rao",GT-2026-8744798,,,,,warranty
M103,"Requesting refund for GT-2026-7918852. I was charged Rs. 522.99 twice for the same mixer grinder. Reply to lakshmi.gupta@yahoo.co.in please. Regards, Lakshmi Gupta",GT-2026-7918852,lakshmi.gupta@yahoo.co.in,,522.99,,refund
M104,"Do you have an exchange offer on the geyser? I have an old one to give. My last order was GT-2026-9085017. You can mail me at harpreetsharma71@gmail.com. My number is +91 7590703525. Regards, Harpreet Sharma",GT-2026-9085017,harpreetsharma71@gmail.com,7590703525,,,other
M105,"Delivery for GT-2026-7809388 was attempted when I was not home. Can you deliver on Saturday to PIN 576104? WhatsApp 861 649 0649 for faster response. You can mail me at sneha.bhat@tapmi.edu.in. Regards, Sneha Bhat",GT-2026-7809388,sneha.bhat@tapmi.edu.in,8616490649,,576104,delivery
M106,"Delivery for GT-2026-2064970 was attempted when I was not home. Can you deliver on Saturday to PIN 411014? Bought on 15-08-2026 during the Independence Day sale. Email: rohan.menon@outlook.com Regards, Rohan Menon",GT-2026-2064970,rohan.menon@outlook.com,,,411014,delivery
M107,"The technician who did the installation says my split AC has a manufacturing defect. What now? Order GT-2026-2629737. Call me on +91 6450182117. Reply to josephnair83@gmail.com please. Regards, Joseph Nair",GT-2026-2629737,josephnair83@gmail.com,6450182117,,,warranty
M108,"I don't want a replacement double-door refrigerator. Just give my money back for GT-2026-0414639. I paid Rs 14260. Address: 249, Temple Street, Bengaluru 560034. Ph: 9877905329 You can mail me at abhat6@yahoo.co.in. Regards, Aditi Bhat",GT-2026-0414639,abhat6@yahoo.co.in,9877905329,14260.00,560034,refund
M109,"Delivery for GT-2026-6144939 was attempted when I was not home. Can you deliver on Saturday to PIN 400076? Regards, Tenzin Nair",GT-2026-6144939,,,,400076,delivery
M110,"Delivery for GT-2026-2532959 was attempted when I was not home. Can you deliver on Saturday to PIN 411014? Rated 4.5/5 before this issue. My number is 9531085126. Reply to aaravpai27@yahoo.co.in please. Regards, Aarav Pai",GT-2026-2532959,aaravpai27@yahoo.co.in,9531085126,,411014,delivery
M111,"Requesting refund for GT-2026-8728786. I was charged ₹3,752 twice for the same double-door refrigerator. My number is +91 9043741388. Address: 388, 5th Cross, Chennai 600042. Reply to lakshmi_nair@gmail.com please. Regards, Lakshmi Nair",GT-2026-8728786,lakshmi_nair@gmail.com,9043741388,3752.00,600042,refund
M112,"Please change the delivery address for GT-2026-6326009 to Hyderabad - 500081. Earlier I raised complaint GT-2025-11 but it was closed. Email: ishaan_patel@gmail.com WhatsApp +91 8711534610 for faster response. Regards, Ishaan Patel",GT-2026-6326009,ishaan_patel@gmail.com,8711534610,,500081,delivery
M113,"Is the compressor on the air fryer covered for 10 years? Order reference GT-2026-8340698. Regards, Harpreet Patel",GT-2026-8340698,,,,,warranty
M114,"Requesting refund for GT-2026-5034842. I was charged Rs 48538 twice for the same dishwasher. Ph: 07107672305 You can mail me at afernandes64@rediffmail.com. Regards, Arjun Fernandes",GT-2026-5034842,afernandes64@rediffmail.com,7107672305,48538.00,,refund
M115,"Order GT-2026-9502643: microwave oven arrived with a cracked door. Please refund Rs 3082 instead of a replacement. You can mail me at kabir_pai@gmail.com. Regards, Kabir Pai",GT-2026-9502643,kabir_pai@gmail.com,,3082.00,,refund
M116,"Delivery for GT-2026-1058214 was attempted when I was not home. Can you deliver on Saturday to PIN 600042? Email: vikram.patel@tapmi.edu.in Regards, Vikram Patel",GT-2026-1058214,vikram.patel@tapmi.edu.in,,,600042,delivery
M117,"Loved the split AC! Just wanted to say thanks. Order GT-2026-5499565. Bought on 15-08-2026 during the Independence Day sale. Call me on +91 6927359685. You can mail me at diyakhan70@tapmi.edu.in. Regards, Diya Khan",GT-2026-5499565,diyakhan70@tapmi.edu.in,6927359685,,,other
M118,"Need installation for my new double-door refrigerator, order no. GT-2026-3616927. Model RF-DD340. Available after 5 pm on weekdays. You can mail me at pooja_gupta@outlook.com. Ph: 6122487207 Regards, Pooja Gupta",GT-2026-3616927,pooja_gupta@outlook.com,6122487207,,,installation
M119,"The technician who did the installation says my mixer grinder has a manufacturing defect. What now? Order GT-2026-9590813. Call me on 81050 85662. The invoice says serial no. SN6006100720. You can mail me at josephpatel72@tapmi.edu.in. Regards, Joseph Patel",GT-2026-9590813,josephpatel72@tapmi.edu.in,8105085662,,,warranty
M120,"Is the compressor on the microwave oven covered for 10 years? Order reference GT-2026-4125980. Earlier I raised complaint GT-2025-11 but it was closed. Reply to sneha.reddy@gmail.com please. Call me on +91-93900-63373. Regards, Sneha Reddy",GT-2026-4125980,sneha.reddy@gmail.com,9390063373,,,warranty
M121,"Order GT-2026-5631273: split AC arrived with a cracked door. Please refund Rs 69838.50 instead of a replacement. Call me on 79854 13805. Regards, Joseph Menon",GT-2026-5631273,,7985413805,69838.50,,refund
M122,"Do you have an exchange offer on the double-door refrigerator? I have an old one to give. My last order was GT-2026-5622216. Email: rohanbhat21@gmail.com WhatsApp 9047841852 for faster response. Regards, Rohan Bhat",GT-2026-5622216,rohanbhat21@gmail.com,9047841852,,,other
M123,"Installation demo for GT-2026-0516123 was booked for today but nobody came. Please reschedule. Model number CH-60A. WhatsApp +91 7615320515 for faster response. Regards, Joseph Menon",GT-2026-0516123,,7615320515,,,installation
M124,"I don't want a replacement double-door refrigerator. Just give my money back for GT-2026-5224084. I paid Rs. 2,799.99. You can mail me at rgupta13@tapmi.edu.in. Regards, Rohan Gupta",GT-2026-5224084,rgupta13@tapmi.edu.in,,2799.99,,refund
M125,"Order GT-2026-3487413 still hasn't arrived. It has been 10 days and the tracking page is not updating. Reply to ikulkarni3@tapmi.edu.in please. Ph: 08343074463 Regards, Ishaan Kulkarni",GT-2026-3487413,ikulkarni3@tapmi.edu.in,8343074463,,,delivery
M126,"Requesting refund for GT-2026-5767335. I was charged ₹3984 twice for the same front-load washing machine. Call me on +91 6457702012. Rated 4.5/5 before this issue. Email: harpreetdas74@tapmi.edu.in Regards, Harpreet Das",GT-2026-5767335,harpreetdas74@tapmi.edu.in,6457702012,3984.00,,refund
M127,"Order GT-2026-1133347: dishwasher arrived with a cracked door. Please refund Rs.68226/- instead of a replacement. My number is +919541016019. Address: 232, Temple Street, Kochi 682020. The invoice says serial no. SN7875108989. You can mail me at farhanbhat36@hotmail.com. Regards, Farhan Bhat",GT-2026-1133347,farhanbhat36@hotmail.com,9541016019,68226.00,682020,refund
M128,"Requesting refund for GT-2026-5504842. I was charged Rs 55167.99 twice for the same chimney. You can mail me at nikhilgupta27@hotmail.com. Call me on 642 050 4540. Address: 178, Station Road, Manipal 576104. Regards, Nikhil Gupta",GT-2026-5504842,nikhilgupta27@hotmail.com,6420504540,55167.99,576104,refund
M129,"I don't want a replacement mixer grinder. Just give my money back for GT-2026-1277923. I paid ₹1,759.99. Ph: 7007925831 You can mail me at rahul_khan@yahoo.co.in. My old ticket number was 4587120936, which nobody resolved. Regards, Rahul Khan",GT-2026-1277923,rahul_khan@yahoo.co.in,7007925831,1759.99,,refund
M130,"My geyser stopped working after 8 months. It is under 2 year warranty. Order GT-2026-8017840, model GY-15L. Call me on +91-69029-53109. Email: lakshmibhat55@rediffmail.com Address: 5, Station Road, Udupi 576101. Regards, Lakshmi Bhat",GT-2026-8017840,lakshmibhat55@rediffmail.com,6902953109,,576101,warranty
M131,"Loved the front-load washing machine! Just wanted to say thanks. Order GT-2026-4080082. Reply to dreddy88@outlook.com please. Regards, Diya Reddy",GT-2026-4080082,dreddy88@outlook.com,,,,other
M132,"The technician who did the installation says my air fryer has a manufacturing defect. What now? Order GT-2026-2863444. Address: 290, MG Road, Chennai 600042. Reply to farhanfernandes85@outlook.com please. WhatsApp +91-77897-71491 for faster response. Regards, Farhan Fernandes",GT-2026-2863444,farhanfernandes85@outlook.com,7789771491,,600042,warranty
M133,"The microwave oven (MW-25C) from order GT-2026-5593746 was delivered yesterday. When will the technician come for installation? Email: kkhan46@outlook.com Regards, Kavya Khan",GT-2026-5593746,kkhan46@outlook.com,,,,installation
M134,"My order GT-2026-6090236 (mixer grinder) shows 'out for delivery' since 3 days. Where is it? You can mail me at kabir.hegde@gmail.com. Regards, Kabir Hegde",GT-2026-6090236,kabir.hegde@gmail.com,,,,delivery
M135,"Delivery was quick and installation was smooth. Great service for GT-2026-9014460, thank you! Address: 271, 5th Cross, Mumbai 400076. Reply to vikram.menon@outlook.com please. Rated 4.5/5 before this issue. Regards, Vikram Menon",GT-2026-9014460,vikram.menon@outlook.com,,,400076,other
M136,"I returned the mixer grinder (order GT-2026-5294763) two weeks ago but the refund of ₹48606 has still not reached my account. WhatsApp +91-78228-85592 for faster response. Regards, Aarav Reddy",GT-2026-5294763,,7822885592,48606.00,,refund
M137,"Requesting refund for GT-2026-0130959. I was charged Rs.73224/- twice for the same front-load washing machine. Call me on 09162191489. My old ticket number was 4587120936, which nobody resolved. Reply to kabir_khan@outlook.com please. Regards, Kabir Khan",GT-2026-0130959,kabir_khan@outlook.com,9162191489,73224.00,,refund
M138,"My order GT-2026-0157876 (water purifier) shows 'out for delivery' since 3 days. Where is it? Rated 4.5/5 before this issue. Reply to arjunrao81@outlook.com please. Ph: +91-62555-30309 Regards, Arjun Rao",GT-2026-0157876,arjunrao81@outlook.com,6255530309,,,delivery
M139,"My mixer grinder stopped working after 8 months. It is under 2 year warranty. Order GT-2026-4690173, model MG-750W. Address: 182, MG Road, Kochi 682020. You can mail me at nikhil.kulkarni@yahoo.co.in. Regards, Nikhil Kulkarni",GT-2026-4690173,nikhil.kulkarni@yahoo.co.in,,,682020,warranty
M140,"I don't want a replacement split AC. Just give my money back for GT-2026-9688378. I paid INR 754. Earlier I raised complaint GT-2025-11 but it was closed. You can mail me at priya_pai@tapmi.edu.in. Ph: 99941 61572 Regards, Priya Pai",GT-2026-9688378,priya_pai@tapmi.edu.in,9994161572,754.00,,refund
M141,"Do you have an exchange offer on the front-load washing machine? I have an old one to give. My last order was GT-2026-9700188. Reply to aaravkhan74@outlook.com please. My number is +917761416415. Regards, Aarav Khan",GT-2026-9700188,aaravkhan74@outlook.com,7761416415,,,other
M142,"Order GT-2026-4678142 still hasn't arrived. It has been 10 days and the tracking page is not updating. Earlier I raised complaint GT-2025-11 but it was closed. Reply to gkulkarni85@outlook.com please. Call me on +919852550112. Regards, Gautam Kulkarni",GT-2026-4678142,gkulkarni85@outlook.com,9852550112,,,delivery
M143,"My geyser stopped working after 8 months. It is under 2 year warranty. Order GT-2026-2032557, model GY-15L. WhatsApp 63474 33800 for faster response. Regards, Kabir Khan",GT-2026-2032557,,6347433800,,,warranty
M144,"My dishwasher stopped working after 8 months. It is under 2 year warranty. Order GT-2026-2470566, model DW-12P. My number is 7208712229. The invoice says serial no. SN9008870894. Email: rmenon78@gmail.com Regards, Rahul Menon",GT-2026-2470566,rmenon78@gmail.com,7208712229,,,warranty
M145,"Installation demo for GT-2026-9840757 was booked for today but nobody came. Please reschedule. Model number AF-4L. Reply to arjun_shetty@yahoo.co.in please. My number is 9832393420. Regards, Arjun Shetty",GT-2026-9840757,arjun_shetty@yahoo.co.in,9832393420,,,installation
M146,"Delivery was quick and installation was smooth. Great service for GT-2026-7223149, thank you! Ph: 08059501553 Reply to rreddy39@company.co.in please. Regards, Rahul Reddy",GT-2026-7223149,rreddy39@company.co.in,8059501553,,,other
M147,"I returned the mixer grinder (order GT-2026-5037638) two weeks ago but the refund of Rs.81578/- has still not reached my account. My old ticket number was 4587120936, which nobody resolved. You can mail me at joseph_gupta@gmail.com. WhatsApp 06943278870 for faster response. Regards, Joseph Gupta",GT-2026-5037638,joseph_gupta@gmail.com,6943278870,81578.00,,refund
M148,"My order GT-2026-2632102 (microwave oven) shows 'out for delivery' since 3 days. Where is it? Email: vrao62@gmail.com Regards, Vikram Rao",GT-2026-2632102,vrao62@gmail.com,,,,delivery
M149,"The front-load washing machine (WM-FL7) from order GT-2026-2126048 was delivered yesterday. When will the technician come for installation? You can mail me at vpatel70@company.co.in. WhatsApp 7484469471 for faster response. Regards, Vikram Patel",GT-2026-2126048,vpatel70@company.co.in,7484469471,,,installation
M150,"The technician who did the installation says my chimney has a manufacturing defect. What now? Order GT-2026-4019519. Email: lakshmipatel88@hotmail.com My number is +91-64432-11109. Regards, Lakshmi Patel",GT-2026-4019519,lakshmipatel88@hotmail.com,6443211109,,,warranty
M151,"Do you have an exchange offer on the split AC? I have an old one to give. My last order was GT-2026-9419964. WhatsApp +91 7170357391 for faster response. Address: 376, Station Road, Pune 411014. Email: snehapatel6@hotmail.com Regards, Sneha Patel",GT-2026-9419964,snehapatel6@hotmail.com,7170357391,,411014,other
M152,"Loved the split AC! Just wanted to say thanks. Order GT-2026-0844571. You can mail me at lgupta2@outlook.com. My number is 9774039455. Regards, Lakshmi Gupta",GT-2026-0844571,lgupta2@outlook.com,9774039455,,,other
M153,"My double-door refrigerator stopped working after 8 months. It is under 2 year warranty. Order GT-2026-1452171, model RF-DD340. My number is 09187092036. Earlier I raised complaint GT-2025-11 but it was closed. Regards, Nikhil Joshi",GT-2026-1452171,,9187092036,,,warranty
M154,"The air fryer (AF-4L) from order GT-2026-1746006 was delivered yesterday. When will the technician come for installation? Regards, Kabir Bhat",GT-2026-1746006,,,,,installation
M155,"Please change the delivery address for GT-2026-5351740 to Mangaluru - 575001. Email: rgupta26@outlook.com My number is 07515493793. Rated 4.5/5 before this issue. Regards, Rohan Gupta",GT-2026-5351740,rgupta26@outlook.com,7515493793,,575001,delivery
M156,"Please change the delivery address for GT-2026-0023341 to Manipal - 576104. WhatsApp 645 766 0949 for faster response. My old ticket number was 4587120936, which nobody resolved. Email: lmenon56@tapmi.edu.in Regards, Lakshmi Menon",GT-2026-0023341,lmenon56@tapmi.edu.in,6457660949,,576104,delivery
M157,"Delivery for GT-2026-2133911 was attempted when I was not home. Can you deliver on Saturday to PIN 576104? You can mail me at ananya.reddy@yahoo.co.in. Regards, Ananya Reddy",GT-2026-2133911,ananya.reddy@yahoo.co.in,,,576104,delivery
M158,"Delivery was quick and installation was smooth. Great service for GT-2026-7034411, thank you! Earlier I raised complaint GT-2025-11 but it was closed. Call me on +91-93776-69521. Regards, Tenzin Iyer",GT-2026-7034411,,9377669521,,,other
M159,"Can I get a GST invoice for GT-2026-7819759? Company name: Joshi Traders. The invoice says serial no. SN2428820541. Call me on +916986429692. Address: 44, 5th Cross, Delhi 110017. Regards, Siddharth Joshi",GT-2026-7819759,,6986429692,,110017,other
M160,"Delivery for GT-2026-7704057 was attempted when I was not home. Can you deliver on Saturday to PIN 682020? WhatsApp 992 375 0172 for faster response. The invoice says serial no. SN8765207096. Email: dhegde59@tapmi.edu.in Regards, Diya Hegde",GT-2026-7704057,dhegde59@tapmi.edu.in,9923750172,,682020,delivery
M161,"Requesting refund for GT-2026-8367156. I was charged ₹80,844.50 twice for the same front-load washing machine. Reply to lbhat80@gmail.com please. Regards, Lakshmi Bhat",GT-2026-8367156,lbhat80@gmail.com,,80844.50,,refund
M162,"Delivery for GT-2026-3682544 was attempted when I was not home. Can you deliver on Saturday to PIN 600042? You can mail me at lfernandes68@outlook.com. WhatsApp 79971 07752 for faster response. Regards, Lakshmi Fernandes",GT-2026-3682544,lfernandes68@outlook.com,7997107752,,600042,delivery
M163,"The air fryer (AF-4L) from order GT-2026-4371276 was delivered yesterday. When will the technician come for installation? Email: pbhat69@company.co.in Regards, Priya Bhat",GT-2026-4371276,pbhat69@company.co.in,,,,installation
M164,"My chimney stopped working after 8 months. It is under 2 year warranty. Order GT-2026-7018429, model CH-60A. You can mail me at fatima.reddy@hotmail.com. Regards, Fatima Reddy",GT-2026-7018429,fatima.reddy@hotmail.com,,,,warranty
M165,"Do you have an exchange offer on the air fryer? I have an old one to give. My last order was GT-2026-4186008. My number is +91 6120703682. Regards, Aditi Iyer",GT-2026-4186008,,6120703682,,,other
M166,"I returned the air fryer (order GT-2026-0609328) two weeks ago but the refund of Rs 1502.50 has still not reached my account. Email: siddharthfernandes46@tapmi.edu.in Ph: +91-86870-88834 Regards, Siddharth Fernandes",GT-2026-0609328,siddharthfernandes46@tapmi.edu.in,8687088834,1502.50,,refund
M167,"I don't want a replacement geyser. Just give my money back for GT-2026-7977141. I paid Rs.2189/-. WhatsApp +918614362165 for faster response. Regards, Priya Joshi",GT-2026-7977141,,8614362165,2189.00,,refund
M168,"Warranty claim: air fryer (AF-4L) makes a loud noise. Bought on 12/03/2026, order GT-2026-8760516. Reply to rahul_fernandes@outlook.com please. Regards, Rahul Fernandes",GT-2026-8760516,rahul_fernandes@outlook.com,,,,warranty
M169,"The dishwasher (DW-12P) from order GT-2026-4808887 was delivered yesterday. When will the technician come for installation? Call me on 6779712616. Email: rohan.sharma@yahoo.co.in Regards, Rohan Sharma",GT-2026-4808887,rohan.sharma@yahoo.co.in,6779712616,,,installation
M170,"I returned the chimney (order GT-2026-6408267) two weeks ago but the refund of Rs 745 has still not reached my account. Reply to fdas69@rediffmail.com please. WhatsApp 6556609530 for faster response. Regards, Fatima Das",GT-2026-6408267,fdas69@rediffmail.com,6556609530,745.00,,refund
M171,"Do you have an exchange offer on the chimney? I have an old one to give. My last order was GT-2026-1684199. Address: 399, MG Road, Chennai 600042. You can mail me at diya.iyer@company.co.in. Ph: +91 6680352650 Regards, Diya Iyer",GT-2026-1684199,diya.iyer@company.co.in,6680352650,,600042,other
M172,"Order GT-2026-2935340 still hasn't arrived. It has been 10 days and the tracking page is not updating. Reply to meera.pai@outlook.com please. Regards, Meera Pai",GT-2026-2935340,meera.pai@outlook.com,,,,delivery
M173,"I don't want a replacement microwave oven. Just give my money back for GT-2026-8411140. I paid ₹623. Email: farhan_rao@company.co.in Address: 397, Temple Street, Hyderabad 500081. Call me on +916094213635. The invoice says serial no. SN5643846783. Regards, Farhan Rao",GT-2026-8411140,farhan_rao@company.co.in,6094213635,623.00,500081,refund
M174,"The water purifier (RO-UV9) from order GT-2026-5549760 was delivered yesterday. When will the technician come for installation? Ph: 791 998 9086 Rated 4.5/5 before this issue. Reply to adas19@yahoo.co.in please. Address: 249, MG Road, Mangaluru 575001. Regards, Arjun Das",GT-2026-5549760,adas19@yahoo.co.in,7919989086,,575001,installation
M175,"The split AC (AC-1.5T-5S) from order GT-2026-9080831 was delivered yesterday. When will the technician come for installation? Ph: 908 668 8829 You can mail me at lakshmi_patel@tapmi.edu.in. Regards, Lakshmi Patel",GT-2026-9080831,lakshmi_patel@tapmi.edu.in,9086688829,,,installation
M176,"I don't want a replacement geyser. Just give my money back for GT-2026-3415996. I paid Rs.2079/-. Email: harpreet_khan@tapmi.edu.in Regards, Harpreet Khan",GT-2026-3415996,harpreet_khan@tapmi.edu.in,,2079.00,,refund
M177,"Please change the delivery address for GT-2026-0398554 to Pune - 411014. Ph: 83510 95004 Reply to msingh51@company.co.in please. Regards, Meera Singh",GT-2026-0398554,msingh51@company.co.in,8351095004,,411014,delivery
M178,"My order GT-2026-0331888 (mixer grinder) shows 'out for delivery' since 3 days. Where is it? Bought on 15-08-2026 during the Independence Day sale. You can mail me at phegde95@outlook.com. Regards, Pooja Hegde",GT-2026-0331888,phegde95@outlook.com,,,,delivery
M179,"The front-load washing machine (WM-FL7) from order GT-2026-6324267 was delivered yesterday. When will the technician come for installation? Call me on +91-60702-31443. My old ticket number was 4587120936, which nobody resolved. Reply to jmenon92@yahoo.co.in please. Regards, Joseph Menon",GT-2026-6324267,jmenon92@yahoo.co.in,6070231443,,,installation
M180,"Please change the delivery address for GT-2026-9154449 to Chennai - 600042. Regards, Sneha Joshi",GT-2026-9154449,,,,600042,delivery
M181,"I don't want a replacement mixer grinder. Just give my money back for GT-2026-2763144. I paid ₹ 3,313.99. Email: ishaan_iyer@outlook.com WhatsApp +91-90205-42793 for faster response. Address: 8, MG Road, Bengaluru 560034. Regards, Ishaan Iyer",GT-2026-2763144,ishaan_iyer@outlook.com,9020542793,3313.99,560034,refund
M182,"My geyser stopped working after 8 months. It is under 2 year warranty. Order GT-2026-5199925, model GY-15L. Ph: +919189867496 You can mail me at rohanhegde65@gmail.com. Regards, Rohan Hegde",GT-2026-5199925,rohanhegde65@gmail.com,9189867496,,,warranty
M183,"The split AC (AC-1.5T-5S) from order GT-2026-5496554 was delivered yesterday. When will the technician come for installation? Rated 4.5/5 before this issue. Ph: 08111713013 You can mail me at rohan_kulkarni@gmail.com. Regards, Rohan Kulkarni",GT-2026-5496554,rohan_kulkarni@gmail.com,8111713013,,,installation
M184,"Do you have an exchange offer on the double-door refrigerator? I have an old one to give. My last order was GT-2026-8008955. Address: 167, MG Road, Mumbai 400076. You can mail me at kabir_das@yahoo.co.in. Earlier I raised complaint GT-2025-11 but it was closed. Ph: 66870 88707 Regards, Kabir Das",GT-2026-8008955,kabir_das@yahoo.co.in,6687088707,,400076,other
M185,"I returned the geyser (order GT-2026-9566071) two weeks ago but the refund of ₹ 3,456 has still not reached my account. Call me on 889 942 6066. Regards, Siddharth Bhat",GT-2026-9566071,,8899426066,3456.00,,refund
M186,"My split AC stopped working after 8 months. It is under 2 year warranty. Order GT-2026-8123273, model AC-1.5T-5S. Email: ananyanair51@tapmi.edu.in Regards, Ananya Nair",GT-2026-8123273,ananyanair51@tapmi.edu.in,,,,warranty
M187,"Loved the dishwasher! Just wanted to say thanks. Order GT-2026-6896756. Ph: +91 8584130437 Email: rgupta57@outlook.com Regards, Rahul Gupta",GT-2026-6896756,rgupta57@outlook.com,8584130437,,,other
M188,"Is the compressor on the split AC covered for 10 years? Order reference GT-2026-1248215. Earlier I raised complaint GT-2025-11 but it was closed. Email: poojabhat17@tapmi.edu.in Regards, Pooja Bhat",GT-2026-1248215,poojabhat17@tapmi.edu.in,,,,warranty
M189,"The technician who did the installation says my chimney has a manufacturing defect. What now? Order GT-2026-9458356. Reply to snehabhat49@gmail.com please. Rated 4.5/5 before this issue. Regards, Sneha Bhat",GT-2026-9458356,snehabhat49@gmail.com,,,,warranty
M190,"Is the compressor on the air fryer covered for 10 years? Order reference GT-2026-0861355. You can mail me at meerareddy28@company.co.in. Call me on +91 8027369214. Regards, Meera Reddy",GT-2026-0861355,meerareddy28@company.co.in,8027369214,,,warranty
M191,"Warranty claim: dishwasher (DW-12P) makes a loud noise. Bought on 12/03/2026, order GT-2026-6401493. Call me on 9691839589. Reply to meerasingh31@outlook.com please. Regards, Meera Singh",GT-2026-6401493,meerasingh31@outlook.com,9691839589,,,warranty
M192,"Need installation for my new split AC, order no. GT-2026-2384624. Model AC-1.5T-5S. Available after 5 pm on weekdays. You can mail me at aarav_iyer@tapmi.edu.in. Call me on 67339 22448. Address: 108, 5th Cross, Mangaluru 575001. Regards, Aarav Iyer",GT-2026-2384624,aarav_iyer@tapmi.edu.in,6733922448,,575001,installation
M193,"Is the compressor on the split AC covered for 10 years? Order reference GT-2026-3083685. You can mail me at gautambhat20@hotmail.com. Regards, Gautam Bhat",GT-2026-3083685,gautambhat20@hotmail.com,,,,warranty
M194,"Warranty claim: water purifier (RO-UV9) makes a loud noise. Bought on 12/03/2026, order GT-2026-1638848. My number is +919160123114. Regards, Pooja Reddy",GT-2026-1638848,,9160123114,,,warranty
M195,"Delivery for GT-2026-3490501 was attempted when I was not home. Can you deliver on Saturday to PIN 411014? Earlier I raised complaint GT-2025-11 but it was closed. My number is 9079088648. Regards, Priya Rao",GT-2026-3490501,,9079088648,,411014,delivery
M196,"Delivery for GT-2026-6374121 was attempted when I was not home. Can you deliver on Saturday to PIN 500081? You can mail me at tenzin_singh@tapmi.edu.in. Regards, Tenzin Singh",GT-2026-6374121,tenzin_singh@tapmi.edu.in,,,500081,delivery
M197,"My front-load washing machine stopped working after 8 months. It is under 2 year warranty. Order GT-2026-2508460, model WM-FL7. The invoice says serial no. SN8425890179. Ph: 691 126 8192 Address: 272, 5th Cross, Mangaluru 575001. Regards, Neha Kulkarni",GT-2026-2508460,,6911268192,,575001,warranty
M198,"Can I get a GST invoice for GT-2026-3917498? Company name: Bhat Traders. Email: harpreet.bhat@gmail.com Regards, Harpreet Bhat",GT-2026-3917498,harpreet.bhat@gmail.com,,,,other
M199,"Need installation for my new split AC, order no. GT-2026-3113901. Model AC-1.5T-5S. Available after 5 pm on weekdays. Bought on 15-08-2026 during the Independence Day sale. Call me on 74631 32197. You can mail me at aaravkhan17@gmail.com. Regards, Aarav Khan",GT-2026-3113901,aaravkhan17@gmail.com,7463132197,,,installation
M200,"Order GT-2026-9068803: split AC arrived with a cracked door. Please refund Rs.2455/- instead of a replacement. My number is +91 6848533871. Regards, Aditi Gupta",GT-2026-9068803,,6848533871,2455.00,,refund
M201,"I don't want a replacement front-load washing machine. Just give my money back for GT-2026-0635712. I paid Rs 1683. WhatsApp +919787140297 for faster response. Regards, Priya Joshi",GT-2026-0635712,,9787140297,1683.00,,refund
M202,"Warranty claim: microwave oven (MW-25C) makes a loud noise. Bought on 12/03/2026, order GT-2026-6199682. Reply to pooja_reddy@company.co.in please. Call me on 06936590175. Regards, Pooja Reddy",GT-2026-6199682,pooja_reddy@company.co.in,6936590175,,,warranty
M203,"The chimney (CH-60A) from order GT-2026-0644432 was delivered yesterday. When will the technician come for installation? Address: 297, 5th Cross, Mangaluru 575001. My number is +91 8254643664. Regards, Aarav Bhat",GT-2026-0644432,,8254643664,,575001,installation
M204,"Please change the delivery address for GT-2026-0777925 to Pune - 411014. Regards, Priya Rao",GT-2026-0777925,,,,411014,delivery
M205,"The split AC (AC-1.5T-5S) from order GT-2026-5780197 was delivered yesterday. When will the technician come for installation? My number is 6251644866. Address: 311, Temple Street, Chennai 600042. Email: lpatel43@company.co.in Regards, Lakshmi Patel",GT-2026-5780197,lpatel43@company.co.in,6251644866,,600042,installation
M206,"Do you have an exchange offer on the mixer grinder? I have an old one to give. My last order was GT-2026-6409232. Call me on 623 731 5797. Email: ipatel20@yahoo.co.in Rated 4.5/5 before this issue. Regards, Ishaan Patel",GT-2026-6409232,ipatel20@yahoo.co.in,6237315797,,,other
M207,"Requesting refund for GT-2026-0556151. I was charged Rs.30949/- twice for the same microwave oven. Email: kabirpai51@tapmi.edu.in Earlier I raised complaint GT-2025-11 but it was closed. Regards, Kabir Pai",GT-2026-0556151,kabirpai51@tapmi.edu.in,,30949.00,,refund
M208,"My air fryer stopped working after 8 months. It is under 2 year warranty. Order GT-2026-7808145, model AF-4L. WhatsApp 93043 92288 for faster response. Rated 4.5/5 before this issue. Regards, Neha Nair",GT-2026-7808145,,9304392288,,,warranty
M209,"Order GT-2026-8740394: dishwasher arrived with a cracked door. Please refund ₹9612 instead of a replacement. My number is 956 966 6384. Regards, Diya Shetty",GT-2026-8740394,,9569666384,9612.00,,refund
M210,"Delivery was quick and installation was smooth. Great service for GT-2026-0198981, thank you! Call me on 73031 58496. Regards, Diya Patel",GT-2026-0198981,,7303158496,,,other
M211,"Delivery for GT-2026-9168967 was attempted when I was not home. Can you deliver on Saturday to PIN 682020? Reply to harpreet.patel@gmail.com please. Ph: +91-76097-98172 Regards, Harpreet Patel",GT-2026-9168967,harpreet.patel@gmail.com,7609798172,,682020,delivery
M212,"Is the compressor on the front-load washing machine covered for 10 years? Order reference GT-2026-4464833. Ph: 99933 71744 My old ticket number was 4587120936, which nobody resolved. Address: 170, Station Road, Mumbai 400076. Regards, Gautam Rao",GT-2026-4464833,,9993371744,,400076,warranty
M213,"My split AC stopped working after 8 months. It is under 2 year warranty. Order GT-2026-3805357, model AC-1.5T-5S. My number is 07220333043. Reply to jmenon19@company.co.in please. Regards, Joseph Menon",GT-2026-3805357,jmenon19@company.co.in,7220333043,,,warranty
M214,"My chimney stopped working after 8 months. It is under 2 year warranty. Order GT-2026-5474459, model CH-60A. Reply to farhan.joshi@yahoo.co.in please. WhatsApp 82360 29458 for faster response. Regards, Farhan Joshi",GT-2026-5474459,farhan.joshi@yahoo.co.in,8236029458,,,warranty
M215,"Delivery for GT-2026-8405272 was attempted when I was not home. Can you deliver on Saturday to PIN 500081? Bought on 15-08-2026 during the Independence Day sale. WhatsApp 60711 99611 for faster response. Regards, Rahul Reddy",GT-2026-8405272,,6071199611,,500081,delivery
M216,"Requesting refund for GT-2026-5410722. I was charged ₹ 3,170.99 twice for the same double-door refrigerator. Earlier I raised complaint GT-2025-11 but it was closed. You can mail me at meera.das@gmail.com. Ph: 83898 19184 Regards, Meera Das",GT-2026-5410722,meera.das@gmail.com,8389819184,3170.99,,refund
M217,"Installation demo for GT-2026-3257286 was booked for today but nobody came. Please reschedule. Model number RO-UV9. WhatsApp +919620393333 for faster response. Email: apai76@outlook.com Rated 4.5/5 before this issue. Regards, Arjun Pai",GT-2026-3257286,apai76@outlook.com,9620393333,,,installation
M218,"Can I get a GST invoice for GT-2026-6902464? Company name: Patel Traders. Email: rahulpatel48@company.co.in Bought on 15-08-2026 during the Independence Day sale. WhatsApp 90256 59969 for faster response. Regards, Rahul Patel",GT-2026-6902464,rahulpatel48@company.co.in,9025659969,,,other
M219,"My double-door refrigerator stopped working after 8 months. It is under 2 year warranty. Order GT-2026-6900259, model RF-DD340. Earlier I raised complaint GT-2025-11 but it was closed. You can mail me at neha_joshi@company.co.in. Regards, Neha Joshi",GT-2026-6900259,neha_joshi@company.co.in,,,,warranty
M220,"I don't want a replacement geyser. Just give my money back for GT-2026-3858068. I paid ₹60,759.50. Reply to ananya_fernandes@gmail.com please. WhatsApp 07028460202 for faster response. Regards, Ananya Fernandes",GT-2026-3858068,ananya_fernandes@gmail.com,7028460202,60759.50,,refund
M221,"Do you have an exchange offer on the microwave oven? I have an old one to give. My last order was GT-2026-4407349. Ph: +91-63222-65134 Earlier I raised complaint GT-2025-11 but it was closed. You can mail me at meera.gupta@tapmi.edu.in. Regards, Meera Gupta",GT-2026-4407349,meera.gupta@tapmi.edu.in,6322265134,,,other
M222,"Delivery for GT-2026-5478802 was attempted when I was not home. Can you deliver on Saturday to PIN 575001? Email: ananya.kulkarni@rediffmail.com Call me on +91 9721148985. Regards, Ananya Kulkarni",GT-2026-5478802,ananya.kulkarni@rediffmail.com,9721148985,,575001,delivery
M223,"The double-door refrigerator (RF-DD340) from order GT-2026-7734271 was delivered yesterday. When will the technician come for installation? Email: kabir.singh@yahoo.co.in Ph: +91-68482-49597 Earlier I raised complaint GT-2025-11 but it was closed. Address: 92, Station Road, Mangaluru 575001. Regards, Kabir Singh",GT-2026-7734271,kabir.singh@yahoo.co.in,6848249597,,575001,installation
M224,"Loved the chimney! Just wanted to say thanks. Order GT-2026-4251210. Reply to kfernandes11@gmail.com please. My old ticket number was 4587120936, which nobody resolved. Ph: +916761905681 Regards, Kavya Fernandes",GT-2026-4251210,kfernandes11@gmail.com,6761905681,,,other
M225,"Warranty claim: split AC (AC-1.5T-5S) makes a loud noise. Bought on 12/03/2026, order GT-2026-9297705. Address: 66, MG Road, Pune 411014. You can mail me at kabir.patel@tapmi.edu.in. The invoice says serial no. SN9492540096. Regards, Kabir Patel",GT-2026-9297705,kabir.patel@tapmi.edu.in,,,411014,warranty
M226,"Need installation for my new dishwasher, order no. GT-2026-4684076. Model DW-12P. Available after 5 pm on weekdays. You can mail me at lhegde27@outlook.com. WhatsApp +91 8508609982 for faster response. Regards, Lakshmi Hegde",GT-2026-4684076,lhegde27@outlook.com,8508609982,,,installation
M227,"Do you have an exchange offer on the air fryer? I have an old one to give. My last order was GT-2026-9519304. Email: farhanreddy19@tapmi.edu.in Address: 389, MG Road, Hyderabad 500081. Regards, Farhan Reddy",GT-2026-9519304,farhanreddy19@tapmi.edu.in,,,500081,other
M228,"Order GT-2026-9319075 still hasn't arrived. It has been 10 days and the tracking page is not updating. Email: joseph.bhat@gmail.com Regards, Joseph Bhat",GT-2026-9319075,joseph.bhat@gmail.com,,,,delivery
M229,"Can I get a GST invoice for GT-2026-4233664? Company name: Fernandes Traders. You can mail me at siddharth.fernandes@rediffmail.com. My number is 08009398968. Regards, Siddharth Fernandes",GT-2026-4233664,siddharth.fernandes@rediffmail.com,8009398968,,,other
M230,"The mixer grinder (MG-750W) from order GT-2026-8736069 was delivered yesterday. When will the technician come for installation? The invoice says serial no. SN3239871637. Address: 75, 5th Cross, Mangaluru 575001. Regards, Aarav Pai",GT-2026-8736069,,,,575001,installation
M231,"Loved the microwave oven! Just wanted to say thanks. Order GT-2026-1504030. You can mail me at lakshmipatel54@outlook.com. Bought on 15-08-2026 during the Independence Day sale. Regards, Lakshmi Patel",GT-2026-1504030,lakshmipatel54@outlook.com,,,,other
M232,"Delivery was quick and installation was smooth. Great service for GT-2026-8744699, thank you! Ph: +91 8073959781 Regards, Aarav Gupta",GT-2026-8744699,,8073959781,,,other
M233,"Please change the delivery address for GT-2026-5671807 to Mangaluru - 575001. My old ticket number was 4587120936, which nobody resolved. WhatsApp 859 710 2442 for faster response. Email: rohan.sharma@yahoo.co.in Regards, Rohan Sharma",GT-2026-5671807,rohan.sharma@yahoo.co.in,8597102442,,575001,delivery
M234,"Can I get a GST invoice for GT-2026-1771914? Company name: Bhat Traders. You can mail me at lakshmi.bhat@tapmi.edu.in. Address: 377, Station Road, Mangaluru 575001. Regards, Lakshmi Bhat",GT-2026-1771914,lakshmi.bhat@tapmi.edu.in,,,575001,other
M235,"I don't want a replacement double-door refrigerator. Just give my money back for GT-2026-9613997. I paid ₹2,086.50. Reply to pooja_reddy@outlook.com please. Ph: +91-93446-25474 Regards, Pooja Reddy",GT-2026-9613997,pooja_reddy@outlook.com,9344625474,2086.50,,refund
M236,"Delivery was quick and installation was smooth. Great service for GT-2026-3867870, thank you! Email: rmenon25@tapmi.edu.in Regards, Rohan Menon",GT-2026-3867870,rmenon25@tapmi.edu.in,,,,other
M237,"I returned the chimney (order GT-2026-2981051) two weeks ago but the refund of INR 1,842.99 has still not reached my account. WhatsApp 97389 83412 for faster response. You can mail me at nehajoshi11@tapmi.edu.in. Bought on 15-08-2026 during the Independence Day sale. Regards, Neha Joshi",GT-2026-2981051,nehajoshi11@tapmi.edu.in,9738983412,1842.99,,refund
M238,"Please change the delivery address for GT-2026-3278338 to Mumbai - 400076. My number is 842 804 3276. Regards, Neha Das",GT-2026-3278338,,8428043276,,400076,delivery
M239,"Do you have an exchange offer on the split AC? I have an old one to give. My last order was GT-2026-2809526. Rated 4.5/5 before this issue. You can mail me at kabirgupta81@tapmi.edu.in. Address: 113, MG Road, Mumbai 400076. Regards, Kabir Gupta",GT-2026-2809526,kabirgupta81@tapmi.edu.in,,,400076,other
M240,"Delivery for GT-2026-4104361 was attempted when I was not home. Can you deliver on Saturday to PIN 411014? WhatsApp 09649750211 for faster response. Rated 4.5/5 before this issue. You can mail me at siddharthnair33@company.co.in. Regards, Siddharth Nair",GT-2026-4104361,siddharthnair33@company.co.in,9649750211,,411014,delivery
M241,"Need installation for my new double-door refrigerator, order no. GT-2026-8741259. Model RF-DD340. Available after 5 pm on weekdays. Reply to diyarao48@outlook.com please. Bought on 15-08-2026 during the Independence Day sale. Regards, Diya Rao",GT-2026-8741259,diyarao48@outlook.com,,,,installation
M242,"Order GT-2026-6047586: double-door refrigerator arrived with a cracked door. Please refund Rs.57452/- instead of a replacement. Earlier I raised complaint GT-2025-11 but it was closed. Regards, Kabir Singh",GT-2026-6047586,,,57452.00,,refund
M243,"Order GT-2026-0460710 still hasn't arrived. It has been 10 days and the tracking page is not updating. My old ticket number was 4587120936, which nobody resolved. Reply to priyasharma37@outlook.com please. Regards, Priya Sharma",GT-2026-0460710,priyasharma37@outlook.com,,,,delivery
M244,"My order GT-2026-0318716 (split AC) shows 'out for delivery' since 3 days. Where is it? Call me on 07440438469. You can mail me at lakshmi_khan@rediffmail.com. Regards, Lakshmi Khan",GT-2026-0318716,lakshmi_khan@rediffmail.com,7440438469,,,delivery
M245,"Installation demo for GT-2026-7266138 was booked for today but nobody came. Please reschedule. Model number RO-UV9. Ph: +919714980042 Reply to kavyadas73@outlook.com please. Regards, Kavya Das",GT-2026-7266138,kavyadas73@outlook.com,9714980042,,,installation
M246,"Is the compressor on the front-load washing machine covered for 10 years? Order reference GT-2026-4355312. WhatsApp +91-79440-88124 for faster response. You can mail me at gautam.menon@hotmail.com. Regards, Gautam Menon",GT-2026-4355312,gautam.menon@hotmail.com,7944088124,,,warranty
M247,"My chimney stopped working after 8 months. It is under 2 year warranty. Order GT-2026-5423162, model CH-60A. Address: 43, MG Road, Kochi 682020. Call me on 08402869236. Regards, Nikhil Kulkarni",GT-2026-5423162,,8402869236,,682020,warranty
M248,"The chimney (CH-60A) from order GT-2026-7182149 was delivered yesterday. When will the technician come for installation? Email: meera_sharma@gmail.com My number is 72774 95536. Regards, Meera Sharma",GT-2026-7182149,meera_sharma@gmail.com,7277495536,,,installation
M249,"Loved the mixer grinder! Just wanted to say thanks. Order GT-2026-8868915. WhatsApp +91 7214288310 for faster response. My old ticket number was 4587120936, which nobody resolved. You can mail me at fatima.shetty@hotmail.com. Regards, Fatima Shetty",GT-2026-8868915,fatima.shetty@hotmail.com,7214288310,,,other
M250,"Do you have an exchange offer on the microwave oven? I have an old one to give. My last order was GT-2026-6436508. You can mail me at tenzin.hegde@outlook.com. Rated 4.5/5 before this issue. Regards, Tenzin Hegde",GT-2026-6436508,tenzin.hegde@outlook.com,,,,other
M251,"My order GT-2026-9027016 (geyser) shows 'out for delivery' since 3 days. Where is it? You can mail me at diyakulkarni3@tapmi.edu.in. WhatsApp 625 120 4305 for faster response. Regards, Diya Kulkarni",GT-2026-9027016,diyakulkarni3@tapmi.edu.in,6251204305,,,delivery
M252,"Delivery was quick and installation was smooth. Great service for GT-2026-6007186, thank you! The invoice says serial no. SN4800280775. Ph: 900 319 7432 Regards, Tenzin Kulkarni",GT-2026-6007186,,9003197432,,,other
M253,"Order GT-2026-1403567 still hasn't arrived. It has been 10 days and the tracking page is not updating. Call me on +91-63380-43898. Bought on 15-08-2026 during the Independence Day sale. Reply to rohansharma94@tapmi.edu.in please. Regards, Rohan Sharma",GT-2026-1403567,rohansharma94@tapmi.edu.in,6338043898,,,delivery
M254,"Order GT-2026-7188033: air fryer arrived with a cracked door. Please refund Rs.2600/- instead of a replacement. Call me on +91 9200678768. Regards, Gautam Khan",GT-2026-7188033,,9200678768,2600.00,,refund
M255,"My order GT-2026-3815531 (front-load washing machine) shows 'out for delivery' since 3 days. Where is it? Call me on +91 6816370715. Regards, Ishaan Patel",GT-2026-3815531,,6816370715,,,delivery
M256,"I returned the chimney (order GT-2026-4403435) two weeks ago but the refund of ₹9,421 has still not reached my account. Address: 306, Station Road, Chennai 600042. WhatsApp +918595567417 for faster response. Regards, Siddharth Nair",GT-2026-4403435,,8595567417,9421.00,600042,refund
M257,"Please change the delivery address for GT-2026-0286549 to Pune - 411014. Call me on 8698521151. The invoice says serial no. SN6530443906. Regards, Ananya Pai",GT-2026-0286549,,8698521151,,411014,delivery
M258,"My geyser stopped working after 8 months. It is under 2 year warranty. Order GT-2026-1389858, model GY-15L. Address: 294, Station Road, Chennai 600042. Email: kavyarao7@hotmail.com WhatsApp +918735156779 for faster response. Regards, Kavya Rao",GT-2026-1389858,kavyarao7@hotmail.com,8735156779,,600042,warranty
M259,"My front-load washing machine stopped working after 8 months. It is under 2 year warranty. Order GT-2026-5967525, model WM-FL7. Call me on +91 7636211945. Address: 66, MG Road, Kochi 682020. Reply to vikram_kulkarni@yahoo.co.in please. Regards, Vikram Kulkarni",GT-2026-5967525,vikram_kulkarni@yahoo.co.in,7636211945,,682020,warranty
M260,"Delivery for GT-2026-4924275 was attempted when I was not home. Can you deliver on Saturday to PIN 400076? Ph: 81708 22792 Regards, Ishaan Khan",GT-2026-4924275,,8170822792,,400076,delivery
M261,"Installation demo for GT-2026-1519572 was booked for today but nobody came. Please reschedule. Model number RO-UV9. My old ticket number was 4587120936, which nobody resolved. Call me on 8797981081. Regards, Harpreet Iyer",GT-2026-1519572,,8797981081,,,installation
M262,"Please change the delivery address for GT-2026-5813526 to Delhi - 110017. Reply to aditifernandes81@gmail.com please. Call me on +91-63778-19644. The invoice says serial no. SN3141795715. Regards, Aditi Fernandes",GT-2026-5813526,aditifernandes81@gmail.com,6377819644,,110017,delivery
M263,"Requesting refund for GT-2026-1265470. I was charged ₹670.99 twice for the same front-load washing machine. My number is +918962898627. Regards, Arjun Menon",GT-2026-1265470,,8962898627,670.99,,refund
M264,"Warranty claim: water purifier (RO-UV9) makes a loud noise. Bought on 12/03/2026, order GT-2026-7594376. Reply to poojareddy56@company.co.in please. Regards, Pooja Reddy",GT-2026-7594376,poojareddy56@company.co.in,,,,warranty
M265,"Need installation for my new water purifier, order no. GT-2026-2042885. Model RO-UV9. Available after 5 pm on weekdays. Email: aaravkhan31@tapmi.edu.in WhatsApp 08996897235 for faster response. Address: 196, MG Road, Delhi 110017. Regards, Aarav Khan",GT-2026-2042885,aaravkhan31@tapmi.edu.in,8996897235,,110017,installation
M266,"Please change the delivery address for GT-2026-0235726 to Hyderabad - 500081. Email: harpreethegde90@company.co.in My old ticket number was 4587120936, which nobody resolved. Regards, Harpreet Hegde",GT-2026-0235726,harpreethegde90@company.co.in,,,500081,delivery
M267,"The technician who did the installation says my air fryer has a manufacturing defect. What now? Order GT-2026-7282337. You can mail me at harpreet.das@hotmail.com. My old ticket number was 4587120936, which nobody resolved. Regards, Harpreet Das",GT-2026-7282337,harpreet.das@hotmail.com,,,,warranty
M268,"The technician who did the installation says my air fryer has a manufacturing defect. What now? Order GT-2026-7442932. Reply to ishaan.patel@tapmi.edu.in please. The invoice says serial no. SN2024965588. Regards, Ishaan Patel",GT-2026-7442932,ishaan.patel@tapmi.edu.in,,,,warranty
M269,"Warranty claim: front-load washing machine (WM-FL7) makes a loud noise. Bought on 12/03/2026, order GT-2026-6271261. Call me on 07991562604. Email: gautamnair32@gmail.com Regards, Gautam Nair",GT-2026-6271261,gautamnair32@gmail.com,7991562604,,,warranty
M270,"Order GT-2026-5613954: air fryer arrived with a cracked door. Please refund ₹ 3,740 instead of a replacement. Address: 283, MG Road, Mangaluru 575001. You can mail me at meera.bhat@outlook.com. Regards, Meera Bhat",GT-2026-5613954,meera.bhat@outlook.com,,3740.00,575001,refund
M271,"I returned the water purifier (order GT-2026-6480427) two weeks ago but the refund of Rs 2969 has still not reached my account. WhatsApp 89082 23153 for faster response. The invoice says serial no. SN6513116772. Email: fatima_hegde@tapmi.edu.in Regards, Fatima Hegde",GT-2026-6480427,fatima_hegde@tapmi.edu.in,8908223153,2969.00,,refund
M272,"I don't want a replacement dishwasher. Just give my money back for GT-2026-6400481. I paid Rs.57466/-. Email: snehareddy90@tapmi.edu.in My old ticket number was 4587120936, which nobody resolved. WhatsApp +91-80379-72287 for faster response. Regards, Sneha Reddy",GT-2026-6400481,snehareddy90@tapmi.edu.in,8037972287,57466.00,,refund
M273,"Order GT-2026-2112073: geyser arrived with a cracked door. Please refund ₹3570.50 instead of a replacement. My old ticket number was 4587120936, which nobody resolved. Address: 336, 5th Cross, Mumbai 400076. Regards, Nikhil Joshi",GT-2026-2112073,,,3570.50,400076,refund
M274,"Loved the dishwasher! Just wanted to say thanks. Order GT-2026-8523849. Reply to meera_patel@rediffmail.com please. Address: 378, 5th Cross, Delhi 110017. My number is 775 294 3876. Regards, Meera Patel",GT-2026-8523849,meera_patel@rediffmail.com,7752943876,,110017,other
M275,"The water purifier (RO-UV9) from order GT-2026-4543111 was delivered yesterday. When will the technician come for installation? Reply to kavyajoshi4@hotmail.com please. Earlier I raised complaint GT-2025-11 but it was closed. Regards, Kavya Joshi",GT-2026-4543111,kavyajoshi4@hotmail.com,,,,installation
M276,"Installation demo for GT-2026-5828559 was booked for today but nobody came. Please reschedule. Model number CH-60A. My number is 78008 82243. Regards, Lakshmi Fernandes",GT-2026-5828559,,7800882243,,,installation
M277,"My order GT-2026-1803712 (water purifier) shows 'out for delivery' since 3 days. Where is it? You can mail me at pooja_nair@outlook.com. Bought on 15-08-2026 during the Independence Day sale. Regards, Pooja Nair",GT-2026-1803712,pooja_nair@outlook.com,,,,delivery
M278,"Order GT-2026-9071679: dishwasher arrived with a cracked door. Please refund Rs.2489/- instead of a replacement. You can mail me at ishaanfernandes9@company.co.in. Earlier I raised complaint GT-2025-11 but it was closed. Regards, Ishaan Fernandes",GT-2026-9071679,ishaanfernandes9@company.co.in,,2489.00,,refund
M279,"Need installation for my new microwave oven, order no. GT-2026-4070175. Model MW-25C. Available after 5 pm on weekdays. Call me on 89989 77438. Rated 4.5/5 before this issue. Address: 140, MG Road, Udupi 576101. Regards, Rahul Khan",GT-2026-4070175,,8998977438,,576101,installation
M280,"Order GT-2026-1779008 still hasn't arrived. It has been 10 days and the tracking page is not updating. WhatsApp +91 8512208878 for faster response. Regards, Neha Shetty",GT-2026-1779008,,8512208878,,,delivery
M281,"My air fryer stopped working after 8 months. It is under 2 year warranty. Order GT-2026-9852773, model AF-4L. Ph: 665 729 0046 Regards, Nikhil Gupta",GT-2026-9852773,,6657290046,,,warranty
M282,"The double-door refrigerator (RF-DD340) from order GT-2026-9477377 was delivered yesterday. When will the technician come for installation? Ph: +91 6986173074 Email: nikhilgupta10@gmail.com Regards, Nikhil Gupta",GT-2026-9477377,nikhilgupta10@gmail.com,6986173074,,,installation
M283,"Do you have an exchange offer on the double-door refrigerator? I have an old one to give. My last order was GT-2026-5109926. WhatsApp +91 7633026067 for faster response. Regards, Sneha Khan",GT-2026-5109926,,7633026067,,,other
M284,"Warranty claim: mixer grinder (MG-750W) makes a loud noise. Bought on 12/03/2026, order GT-2026-7800936. Email: kabir.khan@gmail.com Ph: +91 7851676177 Regards, Kabir Khan",GT-2026-7800936,kabir.khan@gmail.com,7851676177,,,warranty
M285,"The microwave oven (MW-25C) from order GT-2026-5253894 was delivered yesterday. When will the technician come for installation? Bought on 15-08-2026 during the Independence Day sale. Email: rahulshetty18@yahoo.co.in WhatsApp +91 8591340548 for faster response. Regards, Rahul Shetty",GT-2026-5253894,rahulshetty18@yahoo.co.in,8591340548,,,installation
M286,"Is the compressor on the front-load washing machine covered for 10 years? Order reference GT-2026-2432880. Reply to vikramhegde72@gmail.com please. WhatsApp 9122816110 for faster response. Regards, Vikram Hegde",GT-2026-2432880,vikramhegde72@gmail.com,9122816110,,,warranty
M287,"The technician who did the installation says my air fryer has a manufacturing defect. What now? Order GT-2026-5506717. You can mail me at harpreet.sharma@outlook.com. Ph: 8305572398 Regards, Harpreet Sharma",GT-2026-5506717,harpreet.sharma@outlook.com,8305572398,,,warranty
M288,"Warranty claim: front-load washing machine (WM-FL7) makes a loud noise. Bought on 12/03/2026, order GT-2026-9743347. Address: 300, MG Road, Hyderabad 500081. WhatsApp 8755812309 for faster response. Regards, Pooja Reddy",GT-2026-9743347,,8755812309,,500081,warranty
M289,"Installation demo for GT-2026-4002240 was booked for today but nobody came. Please reschedule. Model number CH-60A. Address: 341, Station Road, Pune 411014. Reply to diya_patel@outlook.com please. WhatsApp 639 250 9708 for faster response. Regards, Diya Patel",GT-2026-4002240,diya_patel@outlook.com,6392509708,,411014,installation
M290,"Do you have an exchange offer on the water purifier? I have an old one to give. My last order was GT-2026-2164304. Bought on 15-08-2026 during the Independence Day sale. WhatsApp 7300959806 for faster response. Reply to joseph.menon@rediffmail.com please. Address: 394, Station Road, Chennai 600042. Regards, Joseph Menon",GT-2026-2164304,joseph.menon@rediffmail.com,7300959806,,600042,other
M291,"Loved the chimney! Just wanted to say thanks. Order GT-2026-3496440. WhatsApp 708 850 2551 for faster response. You can mail me at fatima.hegde@rediffmail.com. The invoice says serial no. SN2332031193. Regards, Fatima Hegde",GT-2026-3496440,fatima.hegde@rediffmail.com,7088502551,,,other
M292,"Need installation for my new split AC, order no. GT-2026-9678779. Model AC-1.5T-5S. Available after 5 pm on weekdays. My number is 60868 24522. Regards, Gautam Pai",GT-2026-9678779,,6086824522,,,installation
M293,"The chimney (CH-60A) from order GT-2026-1783390 was delivered yesterday. When will the technician come for installation? You can mail me at vikramfernandes14@rediffmail.com. My number is 7963978129. Address: 303, 5th Cross, Mangaluru 575001. Regards, Vikram Fernandes",GT-2026-1783390,vikramfernandes14@rediffmail.com,7963978129,,575001,installation
M294,"Need installation for my new mixer grinder, order no. GT-2026-0762087. Model MG-750W. Available after 5 pm on weekdays. Email: poojamenon42@hotmail.com WhatsApp 08808825788 for faster response. Regards, Pooja Menon",GT-2026-0762087,poojamenon42@hotmail.com,8808825788,,,installation
M295,"I don't want a replacement air fryer. Just give my money back for GT-2026-8837109. I paid ₹2,228. Address: 66, 5th Cross, Chennai 600042. Bought on 15-08-2026 during the Independence Day sale. Reply to dsingh20@gmail.com please. Regards, Diya Singh",GT-2026-8837109,dsingh20@gmail.com,,2228.00,600042,refund
M296,"The technician who did the installation says my air fryer has a manufacturing defect. What now? Order GT-2026-5725708. Ph: +919206417702 Regards, Aarav Pai",GT-2026-5725708,,9206417702,,,warranty
M297,"Order GT-2026-6209442 still hasn't arrived. It has been 10 days and the tracking page is not updating. My old ticket number was 4587120936, which nobody resolved. Reply to nkhan72@yahoo.co.in please. Regards, Nikhil Khan",GT-2026-6209442,nkhan72@yahoo.co.in,,,,delivery
M298,"Loved the double-door refrigerator! Just wanted to say thanks. Order GT-2026-2680202. Call me on 75387 99273. Address: 361, Station Road, Chennai 600042. Bought on 15-08-2026 during the Independence Day sale. Email: diyagupta41@outlook.com Regards, Diya Gupta",GT-2026-2680202,diyagupta41@outlook.com,7538799273,,600042,other
M299,"Delivery was quick and installation was smooth. Great service for GT-2026-2302613, thank you! Bought on 15-08-2026 during the Independence Day sale. Reply to gautam_reddy@tapmi.edu.in please. Regards, Gautam Reddy",GT-2026-2302613,gautam_reddy@tapmi.edu.in,,,,other
M300,"My order GT-2026-8235419 (chimney) shows 'out for delivery' since 3 days. Where is it? Reply to diyapatel45@tapmi.edu.in please. My old ticket number was 4587120936, which nobody resolved. Regards, Diya Patel",GT-2026-8235419,diyapatel45@tapmi.edu.in,,,,delivery
